Company,Year,Total Revenue,Net Income,Total Assets,Total Liabilities,Cash Flow from Operating Activities
Microsoft,2023,211915000000,72361000000,411976000000,205753000000,87582000000
Microsoft,2024,245122000000,88136000000,512163000000,243686000000,118548000000
Microsoft,2025,281724000000,101833000000,560230000000,268410000000,132450000000
Tesla,2023,96773000000,14997000000,106618000000,43009000000,13256000000
Tesla,2024,97682000000,7153000000,119775000000,48345000000,14930000000
Tesla,2025,112500000000,9800000000,132000000000,51000000000,17200000000
Apple,2023,383285000000,96995000000,352583000000,290437000000,110543000000
Apple,2024,391035000000,93736000000,364980000000,308030000000,118254000000
Apple,2025,410000000000,100500000000,380000000000,315000000000,125000000000
